subject,chapter,difficulty,question_text,option_a,option_b,option_c,option_d,correct_option,explanation
Psychology,Chapter 1,simple,"""What does psychology scientifically study?""","""Human behavior only""","""Mental processes only""","""Both behavior and mental processes""","""Human biology""",C,"""Psychology is defined as the scientific study of behavior and mental processes."""
Psychology,Chapter 1,simple,"""The word psychology is derived from which languages?""","""Latin and English""","""Greek and Latin""","""Greek only""","""French and Greek""",C,"""The term psychology comes from Greek words 'psyche' and 'logos'."""
Psychology,Chapter 1,simple,"""Which Greek word means mind or soul?""","""Logos""","""Psyche""","""Ethos""","""Pathos""",B,"""'Psyche' refers to mind or soul."""
Psychology,Chapter 1,simple,"""Which Greek word means study or knowledge?""","""Psyche""","""Ethos""","""Logos""","""Pathos""",C,"""'Logos' means study or knowledge."""
Psychology,Chapter 1,simple,"""Who is considered the father of modern psychology?""","""Sigmund Freud""","""William James""","""Wilhelm Wundt""","""John Watson""",C,"""Wundt founded the first psychology laboratory in 1879."""
Psychology,Chapter 1,simple,"""In which year did psychology become an independent science?""","""1700""","""1800""","""1879""","""1905""",C,"""The first psychology laboratory was established in 1879."""
Psychology,Chapter 1,simple,"""Where was the first psychology laboratory established?""","""France""","""USA""","""Germany""","""England""",C,"""Wilhelm Wundt established it in Leipzig, Germany."""
Psychology,Chapter 1,simple,"""Which goal of psychology involves observing behavior?""","""Prediction""","""Control""","""Description""","""Explanation""",C,"""Description focuses on observing and recording behavior."""
Psychology,Chapter 1,simple,"""Which goal of psychology answers the question 'Why does behavior occur'?""","""Description""","""Explanation""","""Prediction""","""Control""",B,"""Explanation looks for causes of behavior."""
Psychology,Chapter 1,simple,"""Which goal of psychology focuses on future behavior?""","""Control""","""Explanation""","""Prediction""","""Description""",C,"""Prediction involves forecasting future behavior."""
Psychology,Chapter 1,simple,"""Which goal of psychology aims to change behavior?""","""Description""","""Explanation""","""Prediction""","""Control""",D,"""Control focuses on modifying behavior."""
Psychology,Chapter 1,simple,"""Which school of thought studied the structure of the mind?""","""Functionalism""","""Structuralism""","""Behaviorism""","""Psychoanalysis""",B,"""Structuralism focused on elements of consciousness."""
Psychology,Chapter 1,simple,"""Who founded structuralism?""","""William James""","""Edward Titchener""","""John Watson""","""Sigmund Freud""",B,"""Titchener developed structuralism."""
Psychology,Chapter 1,simple,"""Which method was used by structuralists?""","""Observation""","""Experiment""","""Introspection""","""Survey""",C,"""Introspection involved examining one's own conscious experience."""
Psychology,Chapter 1,simple,"""Which school focused on the function of the mind?""","""Structuralism""","""Behaviorism""","""Functionalism""","""Psychoanalysis""",C,"""Functionalism studied how the mind helps adaptation."""
Psychology,Chapter 1,simple,"""Who is the founder of functionalism?""","""Wilhelm Wundt""","""Edward Titchener""","""William James""","""John Watson""",C,"""William James introduced functionalism."""
Psychology,Chapter 1,simple,"""Which school emphasized observable behavior?""","""Structuralism""","""Functionalism""","""Behaviorism""","""Psychoanalysis""",C,"""Behaviorism rejected mental processes."""
Psychology,Chapter 1,simple,"""Who founded behaviorism?""","""Sigmund Freud""","""Ivan Pavlov""","""John Watson""","""Edward Titchener""",C,"""Watson emphasized observable behavior."""
Psychology,Chapter 1,simple,"""Which school focuses on unconscious processes?""","""Behaviorism""","""Psychoanalysis""","""Gestalt""","""Functionalism""",B,"""Freud emphasized the unconscious mind."""
Psychology,Chapter 1,simple,"""Who founded psychoanalysis?""","""William James""","""John Watson""","""Sigmund Freud""","""Max Wertheimer""",C,"""Freud developed psychoanalysis."""
Psychology,Chapter 2,simple,"""What is sensation?""","""Interpreting stimuli""","""Organizing information""","""Detecting stimuli""","""Judging distance""",C,"""Sensation involves detecting physical stimuli."""
Psychology,Chapter 2,simple,"""What is perception?""","""Detecting stimuli""","""Interpreting stimuli""","""Receiving energy""","""Activating receptors""",B,"""Perception involves interpreting sensory information."""
Psychology,Chapter 2,simple,"""Which comes first?""","""Perception""","""Sensation""","""Both at same time""","""None""",B,"""Sensation precedes perception."""
Psychology,Chapter 2,simple,"""What is a stimulus?""","""Response""","""Energy that activates receptors""","""Behavior""","""Thought""",B,"""A stimulus is physical energy detected by receptors."""
Psychology,Chapter 2,simple,"""What is the absolute threshold?""","""Maximum stimulus""","""Minimum detectable stimulus""","""Change detection point""","""Pain limit""",B,"""It is the weakest stimulus detected 50% of the time."""
Psychology,Chapter 2,simple,"""What does JND stand for?""","""Just Noticeable Difference""","""Joint Neural Detection""","""Just Neural Difference""","""Judged Normal Difference""",A,"""JND is the smallest detectable change in stimulus."""
Psychology,Chapter 2,simple,"""Which law explains difference threshold?""","""Fechner's law""","""Pavlov's law""","""Weber's law""","""Thorndike's law""",C,"""Weber's law explains JND."""
Psychology,Chapter 2,simple,"""What is sensory adaptation?""","""Increased sensitivity""","""Decreased response to constant stimulus""","""Damage to receptors""","""Learning process""",B,"""Receptors become less responsive over time."""
Psychology,Chapter 2,simple,"""Which sense adapts fastest?""","""Vision""","""Smell""","""Hearing""","""Taste""",B,"""Smell adapts very quickly."""
Psychology,Chapter 3,simple,"""What is learning?""","""Temporary change in behavior""","""Permanent behavior change due to experience""","""Change due to growth""","""Instinctive behavior""",B,"""Learning is a relatively permanent change due to experience."""
Psychology,Chapter 3,simple,"""Which is NOT a characteristic of learning?""","""Relatively permanent""","""Experience-based""","""Reflexive only""","""Behavioral change""",C,"""Learning is not purely reflexive."""
Psychology,Chapter 3,simple,"""Which factor affects learning?""","""Motivation""","""Environment""","""Practice""","""All of the above""",D,"""Multiple factors influence learning."""
Psychology,Chapter 3,simple,"""Who proposed classical conditioning?""","""Skinner""","""Thorndike""","""Pavlov""","""Bandura""",C,"""Pavlov studied conditioned reflexes."""
Psychology,Chapter 3,simple,"""Which theory emphasizes reinforcement?""","""Cognitive""","""Behavioral""","""Gestalt""","""Psychoanalytic""",B,"""Behaviorism emphasizes reinforcement."""
Psychology,Chapter 3,simple,"""Who proposed operant conditioning?""","""Pavlov""","""Skinner""","""Bandura""","""Freud""",B,"""Skinner developed operant conditioning."""
Psychology,Chapter 3,simple,"""What is reinforcement?""","""Punishment""","""Removal of stimulus""","""Strengthening behavior""","""Weakening behavior""",C,"""Reinforcement increases behavior."""
Psychology,Chapter 3,simple,"""Which learning involves observation?""","""Trial and error""","""Conditioning""","""Insight learning""","""Social learning""",D,"""Bandura proposed observational learning."""
Psychology,Chapter 3,simple,"""Who proposed social learning theory?""","""Skinner""","""Pavlov""","""Bandura""","""Kohler""",C,"""Bandura emphasized observational learning."""
Psychology,Chapter 3,simple,"""Which theory focuses on thinking processes?""","""Behavioral""","""Psychoanalytic""","""Cognitive""","""Humanistic""",C,"""Cognitive theory emphasizes mental processes."""
Psychology,Chapter 3,simple,"""Insight learning was proposed by?""","""Pavlov""","""Thorndike""","""Kohler""","""Skinner""",C,"""Kohler demonstrated insight learning."""
Psychology,Chapter 3,simple,"""Trial and error learning is associated with?""","""Pavlov""","""Thorndike""","""Kohler""","""Bandura""",B,"""Thorndike proposed trial and error learning."""
Psychology,Chapter 3,simple,"""Which law states responses followed by satisfaction are strengthened?""","""Law of readiness""","""Law of effect""","""Law of exercise""","""Law of motivation""",B,"""Thorndike's Law of Effect explains this."""
Psychology,Chapter 3,simple,"""Which factor increases learning efficiency?""","""Fatigue""","""Lack of motivation""","""Practice""","""Distraction""",C,"""Practice improves learning."""
Psychology,Chapter 3,simple,"""Which learning theory ignores mental processes?""","""Cognitive""","""Humanistic""","""Behavioral""","""Psychoanalytic""",C,"""Behaviorism focuses only on observable behavior."""
Psychology,Chapter 1,medium,"""Which aspect makes psychology a science?""","""Use of common sense""","""Use of philosophy only""","""Use of scientific methods""","""Focus on behavior only""",C,"""Psychology becomes scientific by using systematic and empirical methods."""
Psychology,Chapter 1,medium,"""Which of the following best defines behavior?""","""Only observable actions""","""Only mental activities""","""Overt and covert actions""","""Both A and C""",C,"""Behavior includes both observable actions and covert mental processes."""
Psychology,Chapter 1,medium,"""Which psychologist expanded Wundt's ideas into structuralism?""","""William James""","""Edward Titchener""","""John Watson""","""Sigmund Freud""",B,"""Titchener developed structuralism from Wundt's ideas."""
Psychology,Chapter 1,medium,"""Why did functionalism emerge?""","""To study unconscious mind""","""To study structure of mind only""","""To study purpose of mental processes""","""To reject science""",C,"""Functionalism focused on the function of mental processes."""
Psychology,Chapter 1,medium,"""Which school argued that psychology should avoid consciousness?""","""Structuralism""","""Functionalism""","""Behaviorism""","""Psychoanalysis""",C,"""Behaviorists rejected consciousness as unscientific."""
Psychology,Chapter 1,medium,"""What made behaviorism popular?""","""Focus on animals""","""Focus on measurable behavior""","""Focus on emotions""","""Focus on introspection""",B,"""Observable and measurable behavior made it scientific."""
Psychology,Chapter 1,medium,"""Which school viewed learning as passive response to environment?""","""Humanistic""","""Cognitive""","""Behavioral""","""Gestalt""",C,"""Behaviorism viewed learners as reactive."""
Psychology,Chapter 1,medium,"""Why was introspection criticized?""","""It was too objective""","""It was unreliable and subjective""","""It ignored behavior""","""It studied animals""",B,"""Introspection lacked objectivity and reliability."""
Psychology,Chapter 1,medium,"""Which perspective emphasizes free will?""","""Behavioral""","""Psychoanalytic""","""Humanistic""","""Biological""",C,"""Humanistic psychology stresses free will."""
Psychology,Chapter 1,medium,"""Which perspective compares human behavior to a 'black box'?""","""Cognitive""","""Behavioral""","""Psychodynamic""","""Humanistic""",B,"""Behaviorists focus on input and output only."""
Psychology,Chapter 1,medium,"""Which perspective explains behavior using brain chemistry?""","""Humanistic""","""Biological""","""Behavioral""","""Sociocultural""",B,"""Biological perspective links behavior to physiology."""
Psychology,Chapter 1,medium,"""Which perspective stresses culture and social norms?""","""Biological""","""Cognitive""","""Sociocultural""","""Psychoanalytic""",C,"""Behavior is shaped by social and cultural context."""
Psychology,Chapter 1,medium,"""Which branch studies psychological disorders?""","""Educational""","""Social""","""Clinical""","""Industrial""",C,"""Clinical psychology deals with diagnosis and treatment."""
Psychology,Chapter 1,medium,"""Which research method studies behavior in natural settings?""","""Case study""","""Survey""","""Naturalistic observation""","""Experiment""",C,"""It observes behavior without manipulation."""
Psychology,Chapter 1,medium,"""Which research method cannot establish cause-effect?""","""Experimental""","""Descriptive""","""Correlational""","""Clinical""",C,"""Correlation shows relationship but not causation."""
Psychology,Chapter 1,medium,"""Which variable is manipulated in an experiment?""","""Dependent variable""","""Control variable""","""Independent variable""","""Random variable""",C,"""Independent variable is manipulated by researcher."""
Psychology,Chapter 1,medium,"""Why is random assignment important?""","""To ensure bias""","""To increase control""","""To reduce participant differences""","""To change variables""",C,"""Random assignment reduces bias."""
Psychology,Chapter 2,medium,"""Why are sensation and perception inseparable?""","""They occur separately""","""Sensation always stops first""","""Perception depends on sensation""","""Perception replaces sensation""",C,"""Perception cannot occur without sensation."""
Psychology,Chapter 2,medium,"""Which best explains sensory threshold?""","""Ability to perceive meaning""","""Minimum stimulus intensity""","""Interpretation of stimuli""","""Adaptation level""",B,"""Sensory threshold refers to detection limits."""
Psychology,Chapter 2,medium,"""Why is absolute threshold defined as 50%?""","""Human error""","""Guarantees accuracy""","""Accounts for variability""","""Eliminates perception""",C,"""Detection varies across trials."""
Psychology,Chapter 2,medium,"""Which factor affects absolute threshold?""","""Stimulus intensity""","""Response bias""","""Motivation""","""All of the above""",D,"""Multiple physical and psychological factors influence detection."""
Psychology,Chapter 2,medium,"""What does Weber's law state?""","""All stimuli are detected equally""","""JND is constant""","""JND is proportional to stimulus intensity""","""Threshold never changes""",C,"""JND depends on original stimulus size."""
Psychology,Chapter 2,medium,"""Why is sensory adaptation useful?""","""It increases pain""","""It saves energy""","""It allows noticing changes""","""It damages receptors""",C,"""Adaptation helps detect important changes."""
Psychology,Chapter 2,medium,"""Why do strong stimuli resist adaptation?""","""They are pleasant""","""They are harmful""","""They are familiar""","""They are learned""",B,"""Ignoring strong pain or cold can be dangerous."""
Psychology,Chapter 2,medium,"""What is attention?""","""Total awareness""","""Selective focus of perception""","""Passive reception""","""Reflex action""",B,"""Attention selects certain stimuli for awareness."""
Psychology,Chapter 2,medium,"""What determines focus and margin?""","""Age and gender""","""Attention and motivation""","""Stimulus size only""","""Learning ability""",B,"""Attention divides experience into focus and margin."""
Psychology,Chapter 2,medium,"""Which external factor most quickly grabs attention?""","""Habit""","""Movement""","""Familiarity""","""Adaptation""",B,"""Moving stimuli are instinctively attention-grabbing."""
Psychology,Chapter 2,medium,"""Why do advertisements repeat messages?""","""To cause fatigue""","""To increase adaptation""","""To gain attention""","""To confuse audience""",C,"""Repetition increases attention."""
Psychology,Chapter 2,medium,"""What is 'set' in perception?""","""Biological readiness""","""Expectation to perceive something""","""Sensory fatigue""","""Emotional reaction""",B,"""Set prepares the perceiver psychologically."""
Psychology,Chapter 2,medium,"""Why do hungry people notice food-related cues?""","""Adaptation""","""Set""","""Motivation""","""Illusion""",C,"""Needs and motives guide attention."""
Psychology,Chapter 2,medium,"""Figure-ground perception helps us to?""","""Judge distance""","""Organize visual field""","""Detect motion""","""Maintain constancy""",B,"""It separates objects from background."""
Psychology,Chapter 2,medium,"""What happens if contours are unclear?""","""Better perception""","""Objects blend with background""","""Stronger contrast""","""Improved attention""",B,"""Lack of contours causes camouflage."""
Psychology,Chapter 3,medium,"""Why is learning defined as 'relatively permanent'?""","""It never changes""","""It excludes temporary changes""","""It ignores behavior""","""It denies biology""",B,"""Temporary changes like fatigue are excluded."""
Psychology,Chapter 3,medium,"""Which factor does NOT influence learning?""","""Motivation""","""Maturation""","""Practice""","""Chance""",D,"""Learning is systematic, not random."""
Psychology,Chapter 3,medium,"""Why is maturation not learning?""","""It is experience-based""","""It occurs automatically""","""It requires reinforcement""","""It involves cognition""",B,"""Maturation occurs naturally without experience."""
Psychology,Chapter 3,medium,"""What distinguishes classical from operant conditioning?""","""Stimulus pairing vs consequences""","""Reinforcement presence""","""Animal learning""","""Cognition only""",A,"""Classical uses stimulus association."""
Psychology,Chapter 3,medium,"""Which learning theory emphasizes imitation?""","""Behavioral""","""Cognitive""","""Social""","""Psychoanalytic""",C,"""Bandura stressed modeling."""
Psychology,Chapter 3,medium,"""Why is reinforcement more effective than punishment?""","""It eliminates behavior""","""It increases fear""","""It strengthens desired behavior""","""It causes extinction""",C,"""Reinforcement encourages repetition."""
Psychology,Chapter 3,medium,"""Which learning involves sudden problem solving?""","""Trial and error""","""Conditioning""","""Insight learning""","""Observational learning""",C,"""Kohler showed sudden understanding."""
Psychology,Chapter 3,medium,"""What role does cognition play in learning?""","""No role""","""Minor role""","""Central role""","""Negative role""",C,"""Cognitive theories emphasize thinking."""
Psychology,Chapter 3,medium,"""Which law explains practice improves learning?""","""Law of readiness""","""Law of exercise""","""Law of effect""","""Law of motivation""",B,"""Practice strengthens associations."""
Psychology,Chapter 3,medium,"""Why is motivation important in learning?""","""It causes fatigue""","""It increases punishment""","""It energizes behavior""","""It blocks thinking""",C,"""Motivation drives learning effort."""
Psychology,Chapter 1,hard,"""Which statement best explains why early psychology struggled for scientific status?""","""Lack of interest in behavior""","""Overreliance on philosophy""","""Absence of experiments""","""Focus on physiology""",B,"""Early psychology relied heavily on philosophical speculation rather than empirical methods."""
Psychology,Chapter 1,hard,"""Structuralism failed mainly because?""","""It ignored biology""","""It studied animals""","""Its method was subjective""","""It rejected consciousness""",C,"""Introspection varied across individuals and lacked reliability."""
Psychology,Chapter 1,hard,"""Functionalism differed from structuralism primarily in?""","""Method used""","""Focus on purpose rather than elements""","""Rejection of consciousness""","""Use of animals""",B,"""Functionalism asked what mental processes do, not what they are made of."""
Psychology,Chapter 1,hard,"""Which situation best reflects behaviorist thinking?""","""Explaining fear using childhood memories""","""Explaining learning using reinforcement""","""Explaining dreams symbolically""","""Explaining thought patterns""",B,"""Behaviorism explains behavior through reinforcement and conditioning."""
Psychology,Chapter 1,hard,"""Calling the mind a 'black box' implies?""","""Mind does not exist""","""Mind cannot be measured directly""","""Mind is irrelevant biologically""","""Mind controls behavior unconsciously""",B,"""Behaviorists ignored internal mental states because they were unobservable."""
Psychology,Chapter 1,hard,"""Which perspective would criticize behaviorism for ignoring free will?""","""Biological""","""Cognitive""","""Humanistic""","""Sociocultural""",C,"""Humanistic psychology emphasizes choice and self-direction."""
Psychology,Chapter 1,hard,"""Which approach would most likely study unconscious conflict?""","""Behavioral""","""Humanistic""","""Psychoanalytic""","""Cognitive""",C,"""Psychoanalysis centers on unconscious motives and conflicts."""
Psychology,Chapter 1,hard,"""A psychologist studying how culture shapes emotion belongs to?""","""Biological""","""Cognitive""","""Sociocultural""","""Psychoanalytic""",C,"""Sociocultural perspective emphasizes cultural influence."""
Psychology,Chapter 1,hard,"""Why can correlation be misleading?""","""It proves causation""","""It ignores variables""","""It cannot identify direction or third factors""","""It eliminates bias""",C,"""Correlation does not explain cause-effect relationships."""
Psychology,Chapter 1,hard,"""Which research method is strongest for cause-effect inference?""","""Survey""","""Case study""","""Correlational""","""Experimental""",D,"""Experiments allow manipulation and control of variables."""
Psychology,Chapter 1,hard,"""Why is random assignment critical but often confused with random sampling?""","""Both reduce bias equally""","""One selects participants and the other assigns them""","""Both manipulate variables""","""Both ensure causation""",B,"""Random sampling selects participants; random assignment allocates them to groups."""
Psychology,Chapter 1,hard,"""An operational definition is best described as?""","""Abstract explanation""","""Subjective judgment""","""Measurable definition of a variable""","""Theoretical assumption""",C,"""It defines variables in measurable terms."""
Psychology,Chapter 2,hard,"""Failure to detect a weak sound due to distraction illustrates?""","""Absolute threshold""","""Sensory adaptation""","""Response bias""","""Perceptual constancy""",C,"""Response bias reflects expectations and attention, not sensory limits."""
Psychology,Chapter 2,hard,"""Why does the absolute threshold vary across trials?""","""Stimulus is constant""","""Human perception fluctuates""","""Perception is learned""","""Threshold is fixed""",B,"""Detection depends on attention, fatigue, and motivation."""
Psychology,Chapter 2,hard,"""Weber's law would predict that?""","""Small weights need large changes""","""Large weights need proportionally larger changes""","""JND is constant for all stimuli""","""Threshold never changes""",B,"""JND increases with stimulus magnitude."""
Psychology,Chapter 2,hard,"""A person stops noticing a constant smell because of?""","""Perceptual set""","""Sensory adaptation""","""Selective attention""","""Absolute threshold""",B,"""Receptors reduce response to unchanging stimuli."""
Psychology,Chapter 2,hard,"""Why is sensory adaptation biologically important?""","""It improves pleasure""","""It prevents overload""","""It highlights changes in environment""","""It increases pain sensitivity""",C,"""Detecting change is critical for survival."""
Psychology,Chapter 2,hard,"""Which example best illustrates selective attention?""","""Hearing faint sounds in silence""","""Ignoring background noise while studying""","""Recognizing faces in crowd""","""Seeing illusions""",B,"""Selective attention filters irrelevant stimuli."""
Psychology,Chapter 2,hard,"""Expectation influencing perception is called?""","""Illusion""","""Adaptation""","""Set""","""Constancy""",C,"""Perceptual set biases interpretation."""
Psychology,Chapter 2,hard,"""A hungry person perceiving neutral images as food-related shows?""","""Illusion""","""Hallucination""","""Perceptual set""","""Sensory threshold""",C,"""Motivation creates expectancy."""
Psychology,Chapter 2,hard,"""Figure-ground reversal demonstrates?""","""Adaptation""","""Constancy""","""Perceptual organization""","""Sensory fatigue""",C,"""Gestalt principles explain organization."""
Psychology,Chapter 2,hard,"""Why do camouflage patterns work?""","""They increase brightness""","""They reduce contour clarity""","""They raise thresholds""","""They cause adaptation""",B,"""Objects blend into background without clear contours."""
Psychology,Chapter 2,hard,"""Perceptual constancy allows us to?""","""Detect motion""","""Judge absolute size""","""Recognize objects despite changes""","""Ignore stimuli""",C,"""Objects appear stable despite sensory variation."""
Psychology,Chapter 3,hard,"""A temporary drop in performance due to fatigue is not learning because?""","""It involves reinforcement""","""It lacks experience""","""It is not relatively permanent""","""It is unconscious""",C,"""Learning excludes temporary states."""
Psychology,Chapter 3,hard,"""Why is maturation excluded from learning?""","""It is reinforcement-based""","""It is experience-independent""","""It is cognitive""","""It involves behavior""",B,"""Maturation occurs naturally without training."""
Psychology,Chapter 3,hard,"""Classical conditioning primarily involves?""","""Behavior shaped by consequences""","""Stimulus-stimulus association""","""Trial and error learning""","""Insight learning""",B,"""Pavlov paired stimuli, not behaviors."""
Psychology,Chapter 3,hard,"""Operant conditioning differs because it focuses on?""","""Automatic responses""","""Reflexes""","""Voluntary behavior and consequences""","""Unconscious drives""",C,"""Behavior is shaped by its outcomes."""
Psychology,Chapter 3,hard,"""Which situation best illustrates negative reinforcement?""","""Scolding a child""","""Removing pain to increase behavior""","""Giving reward""","""Ignoring behavior""",B,"""Removing unpleasant stimulus strengthens behavior."""
Psychology,Chapter 3,hard,"""Why is punishment less effective than reinforcement?""","""It strengthens behavior""","""It creates fear without learning alternatives""","""It is permanent""","""It improves motivation""",B,"""Punishment suppresses behavior but doesn't teach."""
Psychology,Chapter 3,hard,"""Insight learning challenges behaviorism because?""","""It ignores reinforcement""","""It occurs suddenly without trial and error""","""It involves animals""","""It is unconscious""",B,"""Kohler showed learning without gradual reinforcement."""
Psychology,Chapter 3,hard,"""Observational learning proves that?""","""Reinforcement is unnecessary""","""Learning can occur without direct experience""","""Behavior is instinctive""","""Learning is unconscious""",B,"""Bandura showed learning via modeling."""
Psychology,Chapter 3,hard,"""A child imitates aggression seen in adults. This supports?""","""Classical conditioning""","""Operant conditioning""","""Social learning""","""Insight learning""",C,"""Bandura's experiments demonstrated this."""
Psychology,Chapter 3,hard,"""Cognitive learning theories emphasize?""","""Muscle memory""","""Stimulus-response links""","""Mental representation and thinking""","""Unconscious motives""",C,"""Cognition involves internal processing."""
Psychology,Chapter 3,hard,"""Thorndike's Law of Effect implies that?""","""Practice alone ensures learning""","""Rewarded responses strengthen""","""All responses repeat equally""","""Punishment strengthens behavior""",B,"""Consequences shape learning."""
Psychology,Chapter 3,hard,"""Why does overlearning improve retention?""","""It causes fatigue""","""It strengthens neural connections""","""It increases punishment""","""It reduces motivation""",B,"""Repeated practice consolidates memory."""
Psychology,Chapter 3,hard,"""Which learning factor most directly influences persistence?""","""Intelligence""","""Reinforcement""","""Motivation""","""Maturation""",C,"""Motivation sustains effort over time."""
Psychology,Chapter 3,hard,"""A student understanding a problem suddenly after struggle demonstrates?""","""Conditioning""","""Trial and error""","""Insight learning""","""Observational learning""",C,"""Learning occurs through cognitive restructuring."""
Psychology,Chapter 4,simple,"""What is motivation?""","""A reflex action""","""A temporary emotion""","""An internal driving force""","""A habit""",C,"""Motivation energizes and directs behavior."""
Psychology,Chapter 4,simple,"""Which term refers to biological needs?""","""Incentive""","""Emotion""","""Drive""","""Instinct""",C,"""Drives arise from physiological needs."""
Psychology,Chapter 4,simple,"""Hunger is an example of?""","""Emotion""","""Drive""","""Incentive""","""Attitude""",B,"""Hunger motivates behavior biologically."""
Psychology,Chapter 4,simple,"""Which theory explains motivation as tension reduction?""","""Incentive theory""","""Drive reduction theory""","""Maslow theory""","""Cognitive theory""",B,"""Drive reduction theory focuses on restoring balance."""
Psychology,Chapter 4,simple,"""Which need is at the base of Maslow's hierarchy?""","""Esteem""","""Self-actualization""","""Physiological""","""Safety""",C,"""Physiological needs are the most basic."""
Psychology,Chapter 4,simple,"""Which need comes immediately after physiological needs?""","""Esteem""","""Safety""","""Love""","""Belonging""",B,"""Safety needs follow basic needs."""
Psychology,Chapter 4,simple,"""What is emotion?""","""A behavior""","""A thought""","""A physiological and psychological response""","""A habit""",C,"""Emotion involves feeling, arousal, and expression."""
Psychology,Chapter 4,simple,"""Which component of emotion involves bodily arousal?""","""Cognitive""","""Physiological""","""Behavioral""","""Social""",B,"""Physiological arousal includes heart rate and sweating."""
Psychology,Chapter 4,simple,"""Which emotion is considered basic?""","""Pride""","""Jealousy""","""Happiness""","""Shame""",C,"""Happiness is universally recognized."""
Psychology,Chapter 4,simple,"""Which theory says emotion follows arousal?""","""James-Lange""","""Cannon-Bard""","""Schachter-Singer""","""Incentive""",A,"""James-Lange theory proposes arousal precedes emotion."""
Psychology,Chapter 5,simple,"""What is intelligence?""","""Emotional control""","""Ability to learn and adapt""","""Memory only""","""Personality trait""",B,"""Intelligence involves learning and problem solving."""
Psychology,Chapter 5,simple,"""Who defined intelligence as the ability to adapt?""","""Binet""","""Wechsler""","""Stern""","""Thorndike""",D,"""Thorndike emphasized adaptability."""
Psychology,Chapter 5,simple,"""Who developed the first intelligence test?""","""Galton""","""Binet""","""Spearman""","""Terman""",B,"""Binet created the first IQ test."""
Psychology,Chapter 5,simple,"""IQ stands for?""","""Intelligence Quality""","""Intellectual Quotient""","""Individual Quantity""","""Internal Quality""",B,"""IQ means Intellectual Quotient."""
Psychology,Chapter 5,simple,"""What does IQ measure?""","""Knowledge only""","""Problem-solving ability""","""Emotional control""","""Creativity""",B,"""IQ assesses cognitive abilities."""
Psychology,Chapter 5,simple,"""Which type of intelligence involves words?""","""Musical""","""Logical""","""Linguistic""","""Spatial""",C,"""Linguistic intelligence relates to language."""
Psychology,Chapter 5,simple,"""Who proposed multiple intelligences?""","""Spearman""","""Thurstone""","""Gardner""","""Binet""",C,"""Gardner proposed multiple intelligences."""
Psychology,Chapter 5,simple,"""Which intelligence deals with numbers?""","""Musical""","""Bodily""","""Logical-mathematical""","""Interpersonal""",C,"""Logical intelligence handles numbers and reasoning."""
Psychology,Chapter 5,simple,"""Which intelligence involves understanding others?""","""Intrapersonal""","""Interpersonal""","""Spatial""","""Naturalistic""",B,"""Interpersonal intelligence deals with social understanding."""
Psychology,Chapter 5,simple,"""Which intelligence involves self-awareness?""","""Interpersonal""","""Logical""","""Intrapersonal""","""Linguistic""",C,"""Intrapersonal intelligence focuses on self."""
Psychology,Chapter 6,simple,"""What is personality?""","""Temporary mood""","""Physical appearance""","""Enduring behavior patterns""","""Intelligence""",C,"""Personality is stable behavior and traits."""
Psychology,Chapter 6,simple,"""Which term refers to personality traits?""","""Habits""","""Instincts""","""Characteristics""","""Emotions""",C,"""Traits describe personality features."""
Psychology,Chapter 6,simple,"""Who founded psychoanalytic theory?""","""Adler""","""Freud""","""Jung""","""Rogers""",B,"""Freud proposed psychoanalysis."""
Psychology,Chapter 6,simple,"""Which part of personality is present at birth?""","""Ego""","""Id""","""Super-ego""","""Self""",B,"""Id is instinctive and inborn."""
Psychology,Chapter 6,simple,"""Which part works on reality principle?""","""Id""","""Ego""","""Super-ego""","""Unconscious""",B,"""Ego balances id and reality."""
Psychology,Chapter 6,simple,"""Which part represents moral standards?""","""Id""","""Ego""","""Super-ego""","""Self""",C,"""Super-ego reflects morality."""
Psychology,Chapter 6,simple,"""Which theory focuses on unconscious mind?""","""Trait""","""Humanistic""","""Behavioral""","""Psychoanalytic""",D,"""Psychoanalysis emphasizes unconscious motives."""
Psychology,Chapter 6,simple,"""Which theory emphasizes free will?""","""Behavioral""","""Psychoanalytic""","""Humanistic""","""Biological""",C,"""Humanistic theory stresses free will."""
Psychology,Chapter 6,simple,"""Who proposed humanistic personality theory?""","""Freud""","""Skinner""","""Rogers""","""Pavlov""",C,"""Rogers emphasized self-concept."""
Psychology,Chapter 6,simple,"""Which concept is central to Rogers' theory?""","""Reinforcement""","""Unconscious conflict""","""Self-concept""","""Conditioning""",C,"""Self-concept is key in humanistic theory."""
Psychology,Chapter 6,simple,"""Which trait model uses five dimensions?""","""Eysenck""","""Allport""","""Big Five""","""Freud""",C,"""Big Five model includes five traits."""
Psychology,Chapter 6,simple,"""Which is NOT a Big Five trait?""","""Openness""","""Neuroticism""","""Honesty""","""Extraversion""",C,"""Honesty is not part of Big Five."""
Psychology,Chapter 6,simple,"""Which trait reflects sociability?""","""Neuroticism""","""Agreeableness""","""Extraversion""","""Openness""",C,"""Extraversion relates to sociability."""
Psychology,Chapter 6,simple,"""Which trait reflects emotional instability?""","""Openness""","""Neuroticism""","""Conscientiousness""","""Agreeableness""",B,"""Neuroticism indicates emotional instability."""
Psychology,Chapter 6,simple,"""Which trait reflects discipline?""","""Agreeableness""","""Neuroticism""","""Conscientiousness""","""Openness""",C,"""Conscientiousness relates to responsibility."""
Psychology,Chapter 4,medium,"""Why are motives described as internal states?""","""They are learned socially""","""They arise from within the organism""","""They depend on rewards""","""They are unconscious only""",B,"""Motives originate inside the individual and energize behavior."""
Psychology,Chapter 4,medium,"""How does incentive theory differ from drive theory?""","""Incentives are internal""","""Drives are learned""","""Incentives emphasize external rewards""","""Drives deny biological needs""",C,"""Incentive theory focuses on external stimuli pulling behavior."""
Psychology,Chapter 4,medium,"""Which situation best reflects incentive motivation?""","""Eating when hungry""","""Studying to avoid failure""","""Working for a bonus""","""Sleeping when tired""",C,"""External rewards motivate behavior in incentive theory."""
Psychology,Chapter 4,medium,"""Why is Maslow's hierarchy considered dynamic?""","""Needs are fixed""","""Needs can shift with circumstances""","""Needs are learned""","""Needs are unconscious""",B,"""Priority of needs changes based on satisfaction."""
Psychology,Chapter 4,medium,"""Which need is least likely to motivate if unmet physiological needs exist?""","""Safety""","""Love""","""Esteem""","""Self-actualization""",D,"""Higher needs emerge after basic needs are met."""
Psychology,Chapter 4,medium,"""Which theory explains emotion as simultaneous arousal and feeling?""","""James-Lange""","""Cannon-Bard""","""Schachter-Singer""","""Facial feedback""",B,"""Cannon-Bard proposed simultaneous experience."""
Psychology,Chapter 4,medium,"""Which theory emphasizes cognitive labeling of emotion?""","""James-Lange""","""Cannon-Bard""","""Schachter-Singer""","""Drive theory""",C,"""Emotion depends on arousal plus cognitive interpretation."""
Psychology,Chapter 4,medium,"""Why can the same arousal lead to different emotions?""","""Because arousal differs""","""Because cognition labels it""","""Because emotion is reflexive""","""Because arousal is unconscious""",B,"""Cognitive interpretation shapes emotional experience."""
Psychology,Chapter 4,medium,"""Which component of emotion involves facial expression?""","""Physiological""","""Cognitive""","""Behavioral""","""Social""",C,"""Behavioral component includes expression and action."""
Psychology,Chapter 4,medium,"""Which emotion theory would predict trembling causes fear?""","""Cannon-Bard""","""Schachter-Singer""","""James-Lange""","""Incentive""",C,"""James-Lange links emotion to bodily changes."""
Psychology,Chapter 5,medium,"""Why is intelligence difficult to define?""","""It changes daily""","""It includes multiple abilities""","""It is unmeasurable""","""It excludes learning""",B,"""Intelligence involves diverse cognitive skills."""
Psychology,Chapter 5,medium,"""Which definition of intelligence emphasizes abstract thinking?""","""Thorndike""","""Binet""","""Wechsler""","""Gardner""",C,"""Wechsler included abstract reasoning."""
Psychology,Chapter 5,medium,"""Why was Binet's test developed?""","""Label intelligence""","""Identify gifted children""","""Identify students needing help""","""Measure creativity""",C,"""Binet aimed to assist struggling students."""
Psychology,Chapter 5,medium,"""Which view supports a single general intelligence?""","""Gardner""","""Thurstone""","""Spearman""","""Binet""",C,"""Spearman proposed general intelligence (g factor)."""
Psychology,Chapter 5,medium,"""What does Thurstone's theory emphasize?""","""One intelligence""","""Multiple primary abilities""","""Emotional intelligence""","""Creativity""",B,"""Thurstone argued for several primary mental abilities."""
Psychology,Chapter 5,medium,"""Which intelligence best predicts academic success?""","""Musical""","""Bodily-kinesthetic""","""Logical-linguistic""","""Naturalistic""",C,"""Schools emphasize logical and linguistic skills."""
Psychology,Chapter 5,medium,"""Why is emotional intelligence important?""","""It replaces IQ""","""It predicts success in social life""","""It measures creativity""","""It measures memory""",B,"""EQ helps manage emotions and relationships."""
Psychology,Chapter 5,medium,"""Which intelligence helps understanding one's strengths?""","""Interpersonal""","""Intrapersonal""","""Linguistic""","""Spatial""",B,"""Intrapersonal intelligence involves self-awareness."""
Psychology,Chapter 5,medium,"""Which criticism applies to multiple intelligence theory?""","""Too rigid""","""Easily measurable""","""Lacks empirical support""","""Ignores creativity""",C,"""MI theory is hard to test scientifically."""
Psychology,Chapter 5,medium,"""Which factor most strongly influences IQ scores?""","""Chance""","""Genetics and environment""","""Emotion only""","""Gender""",B,"""IQ reflects both heredity and environment."""
Psychology,Chapter 6,medium,"""Why is personality described as consistent?""","""It never changes""","""It shows stable patterns over time""","""It is inherited only""","""It ignores situation""",B,"""Consistency refers to stable behavior tendencies."""
Psychology,Chapter 6,medium,"""Which concept explains unique personality traits?""","""Common traits""","""Central traits""","""Individual differences""","""Social roles""",C,"""Personality varies among individuals."""
Psychology,Chapter 6,medium,"""How does trait theory differ from psychoanalytic theory?""","""Focus on unconscious""","""Focus on observable traits""","""Focus on childhood""","""Focus on conflict""",B,"""Trait theory describes personality dimensions."""
Psychology,Chapter 6,medium,"""Which part of Freud's model mediates conflict?""","""Id""","""Ego""","""Super-ego""","""Unconscious""",B,"""Ego balances demands of id and super-ego."""
Psychology,Chapter 6,medium,"""Why is the id considered irrational?""","""It follows morality""","""It seeks immediate gratification""","""It obeys reality""","""It is learned""",B,"""Id follows pleasure principle."""
Psychology,Chapter 6,medium,"""Which defense mechanism involves denying reality?""","""Projection""","""Denial""","""Regression""","""Rationalization""",B,"""Denial blocks awareness of threatening facts."""
Psychology,Chapter 6,medium,"""Which defense mechanism attributes feelings to others?""","""Displacement""","""Projection""","""Repression""","""Regression""",B,"""Projection shifts unacceptable impulses outward."""
Psychology,Chapter 6,medium,"""Why are defense mechanisms unconscious?""","""They reduce anxiety automatically""","""They are learned behaviors""","""They are conscious strategies""","""They increase conflict""",A,"""They protect ego from anxiety unconsciously."""
Psychology,Chapter 6,medium,"""Which theory views personality as learned behavior?""","""Trait""","""Humanistic""","""Behavioral""","""Psychoanalytic""",C,"""Behaviorists see personality as conditioning."""
Psychology,Chapter 6,medium,"""Which theory emphasizes self-growth?""","""Psychoanalytic""","""Behavioral""","""Humanistic""","""Trait""",C,"""Humanistic theory stresses personal growth."""
Psychology,Chapter 6,medium,"""What is self-concept?""","""Actual abilities""","""Ideal personality""","""Perception of oneself""","""Social role""",C,"""Self-concept is how individuals see themselves."""
Psychology,Chapter 6,medium,"""Why is unconditional positive regard important?""","""It reinforces behavior""","""It builds self-worth""","""It increases punishment""","""It causes anxiety""",B,"""Rogers believed acceptance fosters growth."""
Psychology,Chapter 6,medium,"""Which Big Five trait predicts reliability?""","""Openness""","""Extraversion""","""Conscientiousness""","""Neuroticism""",C,"""Conscientiousness relates to responsibility."""
Psychology,Chapter 6,medium,"""Which Big Five trait relates to curiosity
Psychology,Chapter 6,medium,""""Which assessment method uses questionnaires?""""""""""""""","""""""Projective""""""","""""""Observational""""""","""""""Self-report""""""","""""""Clinical interview""""""",C,"""""""Self-report inventories assess traits."""""""
Psychology,Chapter 6,medium,"""""""Why are projective tests controversial?""""""","""""""Too objective""""""","""""""Easily scored""""""","""""""Subjective interpretation""""""","""""""Measure IQ only""""""",C,"""""""Interpretation depends on examiner judgment."""""""
Psychology,Chapter 4,hard,"""""""A motive is best defined as?""""""","""""""A learned habit""""""","""""""A temporary emotion""""""","""""""An internal state directing behavior""""""","""""""An external reward""""""",C,"""""""Motives energize and guide behavior from within."""""""
Psychology,Chapter 4,hard,"""""""Why does incentive theory fail to explain hunger fully?""""""","""""""It ignores learning""""""","""""""It ignores biological needs""""""","""""""It ignores cognition""""""","""""""It ignores emotion""""""",B,"""""""Hunger originates biologically"""""""
Psychology,Chapter 4,hard,"""""""Which situation contradicts drive-reduction theory?""""""","""""""Eating when hungry""""""","""""""Drinking when thirsty""""""","""""""Risk-taking for excitement""""""","""""""Resting when tired""""""",C,"""""""Drive theory fails to explain thrill-seeking behavior."""""""
Psychology,Chapter 4,hard,"""""""James-Lange theory would predict that?""""""","""""""Emotion causes arousal""""""","""""""Arousal causes emotion""""""","""""""Arousal and emotion are simultaneous""""""","""""""Cognition causes arousal""""""",B,"""""""Bodily changes precede emotional experience."""""""
Psychology,Chapter 4,hard,"""""""Cannon-Bard theory challenges James-Lange because?""""""","""""""Emotion occurs without arousal""""""","""""""Arousal occurs without emotion""""""","""""""Arousal and emotion occur together""""""","""""""Arousal precedes cognition""""""",C,"""""""Cannon-Bard argued simultaneous experience."""""""
Psychology,Chapter 4,hard,"""""""Why does Schachter-Singer emphasize cognition?""""""","""""""Arousal alone defines emotion""""""","""""""Emotion is innate""""""","""""""Arousal requires interpretation""""""","""""""Emotion precedes arousal""""""",C,"""""""Cognitive labeling differentiates emotions."""""""
Psychology,Chapter 4,hard,"""""""A person mislabels fear as excitement illustrates?""""""","""""""James-Lange""""""","""""""Cannon-Bard""""""","""""""Two-factor theory""""""","""""""Drive theory""""""",C,"""""""Cognitive interpretation alters emotion."""""""
Psychology,Chapter 4,hard,"""""""Which emotion theory best explains placebo effects?""""""","""""""James-Lange""""""","""""""Cannon-Bard""""""","""""""Two-factor theory""""""","""""""Facial feedback""""""",C,"""""""Expectation (cognition) alters emotional experience."""""""
Psychology,Chapter 4,hard,"""""""Facial feedback theory implies that?""""""","""""""Emotion precedes expression""""""","""""""Expression influences emotion""""""","""""""Arousal is irrelevant""""""","""""""Emotion is learned""""""",B,"""""""Facial expressions can shape feelings."""""""
Psychology,Chapter 5,hard,"""""""Why is intelligence considered multidimensional?""""""","""""""IQ tests fail""""""","""""""Because abilities vary""""""","""""""Because culture defines it""""""","""""""Because learning is emotional""""""",B,"""""""People display different cognitive strengths."""""""
Psychology,Chapter 5,hard,"""""""Spearman’s g explains?""""""","""""""Specific talents only""""""","""""""Emotional intelligence""""""","""""""Common factor underlying abilities""""""","""""""Creativity""""""",C,"""""""g factor reflects general cognitive ability."""""""
Psychology,Chapter 5,hard,"""""""Thurstone’s theory challenges g because?""""""","""""""It denies intelligence""""""","""""""It proposes unrelated abilities""""""","""""""It proposes multiple primary abilities""""""","""""""It focuses on creativity""""""",C,"""""""Thurstone argued intelligence is not unitary."""""""
Psychology,Chapter 5,hard,"""""""Why is Gardner’s theory criticized in testing?""""""","""""""Too narrow""""""","""""""Easily quantified""""""","""""""Lacks objective measurement""""""","""""""Ignores culture""""""",C,"""""""MI theory lacks standardized measurement."""""""
Psychology,Chapter 5,hard,"""""""Which intelligence would a successful therapist rely on most?""""""","""""""Logical""""""","""""""Linguistic""""""","""""""Interpersonal""""""","""""""Bodily""""""",C,"""""""Understanding others’ emotions is key."""""""
Psychology,Chapter 5,hard,"""""""High IQ but poor social skills suggests?""""""","""""""Low intelligence""""""","""""""High emotional intelligence""""""","""""""Low emotional intelligence""""""","""""""Personality disorder""""""",C,"""""""IQ and EQ are independent."""""""
Psychology,Chapter 5,hard,"""""""Why does IQ not guarantee success?""""""","""""""It ignores learning""""""","""""""It ignores motivation and emotion""""""","""""""It ignores memory""""""","""""""It ignores biology""""""",B,"""""""Non-cognitive factors influence success."""""""
Psychology,Chapter 5,hard,"""""""Which factor most confounds intelligence testing?""""""","""""""Culture""""""","""""""Gender""""""","""""""Age""""""","""""""Emotion""""""",A,"""""""Cultural bias affects test performance."""""""
Psychology,Chapter 5,hard,"""""""Fluid intelligence refers to?""""""","""""""Learned knowledge""""""","""""""Problem-solving ability""""""","""""""Emotional control""""""","""""""Language skill""""""",B,"""""""Fluid intelligence handles novel problems."""""""
Psychology,Chapter 5,hard,"""""""Crystallized intelligence increases because?""""""","""""""Genetics only""""""","""""""Schooling and experience""""""","""""""Emotion""""""","""""""Motivation""""""",B,"""""""It grows with education and experience."""""""
Psychology,Chapter 6,hard,"""""""Why is personality considered dynamic?""""""","""""""It changes daily""""""","""""""It adapts while remaining consistent""""""","""""""It is unconscious""""""","""""""It is biological""""""",B,"""""""Personality shows stable patterns with flexibility."""""""
Psychology,Chapter 6,hard,"""""""Freud’s theory is criticized mainly because?""""""","""""""It ignores behavior""""""","""""""It lacks empirical support""""""","""""""It denies biology""""""","""""""It ignores learning""""""",B,"""""""Psychoanalysis is difficult to test scientifically."""""""
Psychology,Chapter 6,hard,"""""""Which concept best explains ego conflict?""""""","""""""Reality principle""""""","""""""Pleasure principle""""""","""""""Moral anxiety""""""","""""""Defense mechanisms""""""",D,"""""""Defense mechanisms protect ego from anxiety."""""""
Psychology,Chapter 6,hard,"""""""Repression differs from suppression because it is?""""""","""""""Voluntary""""""","""""""Conscious""""""","""""""Unconscious""""""","""""""Learned""""""",C,"""""""Repression occurs outside awareness."""""""
Psychology,Chapter 6,hard,"""""""A student blaming the exam instead of preparation shows?""""""","""""""Projection""""""","""""""Rationalization""""""","""""""Regression""""""","""""""Displacement""""""",B,"""""""Rationalization justifies failure."""""""
Psychology,Chapter 6,hard,"""""""Which theory views personality as a result of conditioning?""""""","""""""Humanistic""""""","""""""Psychoanalytic""""""","""""""Trait""""""","""""""Behavioral""""""",D,"""""""Behaviorists view personality as learned responses."""""""
Psychology,Chapter 6,hard,"""""""Why does humanistic theory reject determinism?""""""","""""""It denies biology""""""","""""""It denies learning""""""","""""""It emphasizes free will""""""","""""""It ignores behavior""""""",C,"""""""Humanistic psychology stresses choice."""""""
Psychology,Chapter 6,hard,"""""""Incongruence in Rogers’ theory causes?""""""","""""""Growth""""""","""""""Self-actualization""""""","""""""Anxiety""""""","""""""Reinforcement""""""",C,"""""""Gap between self and experience creates anxiety."""""""
Psychology,Chapter 6,hard,"""""""Which trait theory limitation is most significant?""""""","""""""Too complex""""""","""""""Ignores situational factors""""""","""""""Ignores unconscious""""""","""""""Hard to measure""""""",B,"""""""Traits alone don’t predict behavior across situations."""""""
Psychology,Chapter 6,hard,"""""""High conscientiousness predicts?""""""","""""""Emotional instability""""""","""""""Impulsivity""""""","""""""Reliability""""""","""""""Creativity""""""",C,"""""""Conscientious individuals are dependable."""""""
Psychology,Chapter 6,hard,"""""""Which personality assessment is most subjective?""""""","""""""Inventory""""""","""""""Behavioral observation""""""","""""""Projective test""""""","""""""Interview""""""",C,"""""""Projective tests rely on interpretation."""""""
Psychology,Chapter 6,hard,"""""""Why are self-report inventories vulnerable?""""""","""""""Observer bias""""""","""""""Social desirability""""""","""""""Low reliability""""""","""""""Unconscious responses""""""",B,"""""""People may fake good responses."""""""
Psychology,Chapter 6,hard,"""""""Which approach explains personality consistency?""""""","""""""Behavioral""""""","""""""Humanistic""""""","""""""Biological""""""","""""""Trait""""""",D,"""""""Traits account for stability in personality across situations."""""""
Psychology,Chapter 6,hard,"""""""A person striving for personal growth reflects?""""""","""""""Psychoanalytic""""""","""""""Behavioral""""""","""""""Humanistic""""""","""""""Biological""""""",C,"""""""Humanistic psychology emphasizes self-actualization."""""""
Psychology,Chapter 4,hard,"""""""Which assumption is shared by drive and incentive theories?""""""","""""""Motivation is learned""""""","""""""Behavior is random""""""","""""""Biological needs matter""""""","""""""Emotion precedes action""""""",C,"""""""Both acknowledge biological needs."""""""
Psychology,Chapter 4,hard,"""""""A person continues skydiving despite fear best challenges?""""""","""""""Incentive theory""""""","""""""Drive-reduction theory""""""","""""""Maslow theory""""""","""""""James-Lange theory""""""",B,"""""""Drive reduction cannot explain thrill-seeking."""""""
Psychology,Chapter 4,hard,"""""""Maslow’s theory is criticized because?""""""","""""""It ignores emotion""""""","""""""Needs are not always hierarchical""""""","""""""It ignores biology""""""","""""""It denies motivation""""""",B,"""""""People pursue higher needs despite unmet basics."""""""
Psychology,Chapter 4,hard,"""""""Which theory best explains emotion without conscious awareness?""""""","""""""Two-factor""""""","""""""James-Lange""""""","""""""Cannon-Bard""""""","""""""Cognitive appraisal""""""",C,"""""""Cannon-Bard explains emotion occurs simultaneously with arousal without requiring cognition."""""""
Psychology,Chapter 4,hard,"""""""A misattribution of arousal experiment supports?""""""","""""""James-Lange""""""","""""""Cannon-Bard""""""","""""""Two-factor theory""""""","""""""Facial feedback""""""",C,"""""""Cognition labels arousal."""""""
Psychology,Chapter 4,hard,"""""""Which component is essential for Schachter-Singer theory?""""""","""""""Physiological arousal only""""""","""""""Cognition only""""""","""""""Arousal + cognitive label""""""","""""""Behavioral response""""""",C,"""""""Both physiological arousal and cognitive labeling are required."""""""
Psychology,Chapter 4,hard,"""""""Which theory predicts same arousal → different emotions?""""""","""""""James-Lange""""""","""""""Cannon-Bard""""""","""""""Two-factor""""""","""""""Drive theory""""""",C,"""""""Cognitive interpretation differentiates emotions from same arousal."""""""
Psychology,Chapter 4,hard,"""""""Why does Cannon-Bard reject peripheral feedback?""""""","""""""Organs respond too slowly""""""","""""""Arousal is unconscious""""""","""""""Emotion is learned""""""","""""""Cognition precedes arousal""""""",A,"""""""Bodily changes are too slow to produce emotion."""""""
Psychology,Chapter 4,hard,"""""""Facial feedback contradicts which theory most?""""""","""""""James-Lange""""""","""""""Cannon-Bard""""""","""""""Two-factor""""""","""""""Drive theory""""""",B,"""""""Cannon-Bard minimizes role of expression; facial feedback shows expression can influence emotion."""""""
Psychology,Chapter 4,hard,"""""""Which finding weakens James-Lange theory?""""""","""""""Different emotions share arousal""""""","""""""Arousal precedes emotion""""""","""""""Emotion needs cognition""""""","""""""Facial muscles affect mood""""""",A,"""""""Similar physiological arousal can produce different emotions."""""""
Psychology,Chapter 5,hard,"""""""Why does g factor not fully explain intelligence?""""""","""""""Creativity exists""""""","""""""Abilities can be independent""""""","""""""IQ tests are biased""""""","""""""Learning varies""""""",B,"""""""People can excel in some abilities but not others."""""""
Psychology,Chapter 5,hard,"""""""Which theory best explains uneven skill profiles?""""""","""""""Spearman""""""","""""""Binet""""""","""""""Thurstone""""""","""""""Gardner""""""",D,"""""""Multiple intelligences explain uneven cognitive strengths."""""""
Psychology,Chapter 5,hard,"""""""Which intelligence is LEAST predictive of exams?""""""","""""""Logical""""""","""""""Linguistic""""""","""""""Musical""""""","""""""Spatial""""""",C,"""""""School exams emphasize logic and language"""""""
Psychology,Chapter 5,hard,"""""""Cultural bias in IQ tests affects?""""""","""""""Reliability""""""","""""""Validity""""""","""""""Objectivity""""""","""""""Standardization""""""",B,"""""""Bias affects the validity of intelligence measurement."""""""
Psychology,Chapter 5,hard,"""""""Which factor most improves crystallized intelligence?""""""","""""""Age alone""""""","""""""Schooling""""""","""""""Genetics""""""","""""""Emotion""""""",B,"""""""Education and experience enhance crystallized knowledge."""""""
Psychology,Chapter 5,hard,"""""""Which ability declines earliest with aging?""""""","""""""Crystallized""""""","""""""Emotional""""""","""""""Fluid""""""","""""""Musical""""""",C,"""""""Fluid intelligence (problem-solving) declines earlier than crystallized."""""""
Psychology,Chapter 5,hard,"""""""Which situation reflects emotional intelligence?""""""","""""""Solving equations""""""","""""""Managing anger""""""","""""""Remembering facts""""""","""""""Spatial rotation""""""",B,"""""""Emotional intelligence involves understanding and managing emotions."""""""
Psychology,Chapter 5,hard,"""""""Why is EQ harder to measure than IQ?""""""","""""""Lacks theories""""""","""""""Subjective components""""""","""""""No tests exist""""""","""""""Too biological""""""",B,"""""""Subjectivity of emotions makes EQ measurement difficult."""""""
Psychology,Chapter 5,hard,"""""""High IQ + low EQ predicts?""""""","""""""Guaranteed success""""""","""""""Academic success only""""""","""""""Social failure""""""","""""""Personality disorder""""""",C,"""""""Low EQ leads to difficulties in social interactions despite high IQ."""""""
Psychology,Chapter 5,hard,"""""""Which criticism targets IQ tests most?""""""","""""""Too long""""""","""""""Ignore motivation""""""","""""""Measure narrow abilities""""""","""""""Culturally biased""""""",D,"""""""Cultural bias affects performance and fairness of IQ tests."""""""
Psychology,Chapter 6,hard,"""""""Why can traits fail to predict behavior?""""""","""""""Traits are unstable""""""","""""""Situations influence behavior""""""","""""""Traits are unconscious""""""","""""""Traits are learned""""""",B,"""""""Context and situations modify trait expression."""""""
Psychology,Chapter 6,hard,"""""""Which defense mechanism is MOST unconscious?""""""","""""""Suppression""""""","""""""Repression""""""","""""""Rationalization""""""","""""""Displacement""""""",B,"""""""Repression occurs automatically outside awareness."""""""
Psychology,Chapter 6,hard,"""""""Freud’s structure model is criticized for?""""""","""""""Overemphasizing biology""""""","""""""Lack of testability""""""","""""""Ignoring development""""""","""""""Ignoring behavior""""""",B,"""""""Freud’s model is difficult to empirically test."""""""
Psychology,Chapter 6,hard,"""""""Which mechanism redirects impulse to safer target?""""""","""""""Projection""""""","""""""Regression""""""","""""""Displacement""""""","""""""Denial""""""",C,"""""""Displacement shifts impulses to a safer outlet."""""""
Psychology,Chapter 6,hard,"""""""Humanistic psychology rejects which idea?""""""","""""""Free will""""""","""""""Self-growth""""""","""""""Determinism""""""","""""""Self-concept""""""",C,"""""""Humanistic theory emphasizes free will and rejects determinism."""""""
Psychology,Chapter 6,hard,"""""""Which theory explains change via reinforcement?""""""","""""""Trait""""""","""""""Psychoanalytic""""""","""""""Behavioral""""""","""""""Humanistic""""""",C,"""""""Behavioral theory focuses on learning via reinforcement."""""""
Psychology,Chapter 6,hard,"""""""Incongruence produces anxiety because?""""""","""""""Self ≠ experience""""""","""""""Needs unmet""""""","""""""Biology conflicts""""""","""""""Traits mismatch""""""",A,"""""""Discrepancy between self-concept and experience causes anxiety."""""""
Psychology,Chapter 6,hard,"""""""Which assessment is LEAST objective?""""""","""""""Inventory""""""","""""""Observation""""""","""""""Projective test""""""","""""""Rating scale""""""",C,"""""""Projective tests rely heavily on subjective interpretation."""""""
Psychology,Chapter 6,hard,"""""""Why do people fake good on inventories?""""""","""""""Low validity""""""","""""""Social desirability""""""","""""""Poor reliability""""""","""""""Unconscious bias""""""",B,"""""""Respondents may answer to appear favorable socially."""""""
Psychology,Chapter 6,hard,"""""""Which trait best predicts job performance?""""""","""""""Neuroticism""""""","""""""Agreeableness""""""","""""""Conscientiousness""""""","""""""Openness""""""",C,"""""""Conscientiousness relates to reliability and work performance."""""""
Psychology,Chapter 6,hard,"""""""Which approach explains personality consistency?""""""","""""""Behavioral""""""","""""""Humanistic""""""","""""""Biological""""""","""""""Trait""""""",D,"""""""Traits account for stability in personality across situations."""""""
